"d3e564a","2024-12-07T19:06:41Z","Saba Shaikh","added scatter plot script"
"9e9e638","2024-12-07T18:59:19Z","Saba Shaikh","removed unwanted files"
"771a5e9","2024-11-25T22:58:48Z","Kusumareddy23082613","Data set updated"
"26da836","2024-11-24T21:45:53Z","Gardezi72","Add files via upload"
"9093f0d","2024-11-24T21:37:54Z","Gardezi72","Add files via upload"
"cc97e62","2024-11-24T20:08:27Z","Saba Shaikh","git_log file"
"8e94a0c","2024-11-24T16:07:45Z","Th24aae","Merge remote-tracking branch 'origin/main'"
"2c08946","2024-11-24T16:07:00Z","Th24aae","Research Question complete"
"c8a5855","2024-11-24T16:06:15Z","Th24aae","Research Question complete"
"6d117a2","2024-11-24T12:30:12Z","Th24aae","from R"
"7543a4e","2024-11-24T11:24:25Z","Th24aae","remove extra files"
"8423f39","2024-11-20T17:51:06Z","Saba Shaikh","Mine"
"f2798e9","2024-11-20T17:44:53Z","Kusumareddy23082613","my file"
"9189af0","2024-11-20T17:34:39Z","Th24aae","file upload"
"f083b72","2024-11-07T11:34:50Z","Th24aae","url update"
"eb1dc5a","2024-11-07T11:25:36Z","Th24aae","practical 3/4"
"2028d73","2024-11-07T10:29:43Z","Th24aae","clear all"
"ee01967","2024-10-16T17:49:38+01:00","Mushtaq","marvah commit"
"1793aa4","2024-10-16T17:47:06+01:00","Mushtaq","marvah commit"
"ce2f7d4","2024-10-16T17:45:48+01:00","Th24aae","First Code"
"1484ba4","2024-10-16T17:43:27+01:00","Mushtaq","marvah commit"
"7b52cdb","2024-10-16T17:40:33+01:00","Th24aae","first commit"
"789074f","2024-10-16T17:28:48+01:00","Th24aae","Delete test"
"49acef4","2024-10-16T17:28:07+01:00","Th24aae","first commit"